{
    "LightGBM Bitcoin": {
        "MSE (Actual Values)": 463724.1659616496,
        "MAE (Actual Values)": 511.5624301006155,
        "RMSE (Actual Values)": 680.9729553819664
    },
    "LightGBM Ethereum": {
        "MSE (Actual Values)": 14966.537154769918,
        "MAE (Actual Values)": 94.3865823231178,
        "RMSE (Actual Values)": 122.33779937030876
    },
    "RNN Bitcoin": {
        "MSE (Actual Values)": 29244.498046875,
        "MAE (Actual Values)": 140.62767028808594,
        "RMSE (Actual Values)": 171.01022790135974
    },
    "RNN Ethereum": {
        "MSE (Actual Values)": 55156.25,
        "MAE (Actual Values)": 172.40782165527344,
        "RMSE (Actual Values)": 234.8536778506992
    },
    "LSTM Bitcoin": {
        "MSE (Actual Values)": 15977.716796875,
        "MAE (Actual Values)": 94.98023223876953,
        "RMSE (Actual Values)": 126.40299362307445
    },
    "LSTM Ethereum": {
        "MSE (Actual Values)": 56638.6640625,
        "MAE (Actual Values)": 180.09600830078125,
        "RMSE (Actual Values)": 237.98878978325848
    }
}